x,y,z,radius
-7.47391,-0.727582,-4.92115,12
-4.35109,-0.747203,-4.97566,12
-1.26583,-0.76059,-5.02952,12
1.83989,-0.771052,-5.08372,12
5.10989,-0.777755,-5.1408,12
8.33159,-0.780631,-5.19704,12
11.3326,-0.777689,-5.24942,12
14.5121,-0.770065,-5.30492,12
17.5292,-0.759006,-5.35759,12
20.6023,-0.744266,-5.41123,12
24.0506,-0.719348,-5.47142,12
27.2577,-0.690395,-5.5274,12
31.0638,-0.648795,-5.59384,12
34.5625,-0.604142,-5.6549,12
38.2049,-0.548985,-5.57464,12
41.3682,-0.492641,-5.2954,12
44.625,-0.427502,-5.0079,12
47.8905,-0.349629,-4.73538,12
51.2615,-0.244973,-4.7326,12
54.7787,-0.0933329,-4.80841,12
59.1033,0.142734,-4.90163,12
62.3555,0.315783,-4.97173,12
65.3713,0.464748,-5.03674,12
68.437,0.623526,-5.10282,12
71.6906,0.800981,-5.17295,12
74.7516,0.998343,-5.23893,12
77.7735,1.19669,-5.30406,12
81.496,1.41819,-5.3843,12
84.8233,1.5913,-5.3022,12
87.9334,1.75082,-4.88896,12
91.2279,1.90461,-4.07891,12
94.6986,2.09816,-2.75438,12
97.5753,2.23087,-1.24002,12
100.076,2.34768,0.452977,12
102.952,2.46424,2.97177,12
105.042,2.51769,5.32669,12
106.893,2.47389,7.99852,12
108.376,2.38897,10.804,12
109.524,2.32012,13.8377,12
110.26,2.26979,16.8862,12
110.616,2.2158,20.0185,12
110.573,2.15974,23.1429,12
110.159,2.08181,26.2662,12
109.393,1.95264,29.591,12
108.317,1.79269,32.4806,12
106.93,1.50776,35.3178,12
105.384,1.16195,37.9258,12
103.632,0.749145,40.4017,12
101.685,0.220274,42.7225,12
104.015,0.737583,40.7004,12
106.398,1.21116,38.8519,12
103.976,0.756955,40.6738,12
101.411,0.22651,42.2846,12
98.6382,-0.338752,43.7152,12
95.7894,-0.900037,44.8952,12
92.8881,-1.4197,45.8283,12
89.8598,-1.94154,46.542,12
86.8874,-2.44632,47.1547,12
83.7913,-2.96698,47.7928,12
80.8359,-3.42665,48.402,12
77.6754,-3.90912,49.0754,12
74.7258,-4.44578,49.8844,12
71.6186,-4.97434,50.8307,12
68.4915,-5.47744,52.1454,12
65.177,-6.01763,53.6465,12
62.3786,-6.50558,55.0966,12
59.6026,-7.00816,56.9467,12
56.5224,-7.53293,59.0752,12
53.7668,-8.01003,60.9794,12
50.6338,-8.51017,63.1444,12
47.925,-8.95312,65.0163,12
45.1317,-9.40328,66.8969,12
42.0793,-9.83902,68.5626,12
38.8186,-10.3102,70.2736,12
35.8476,-10.708,71.8327,12
32.9011,-11.12,73.3789,12
29.4298,-11.5987,75.1452,12
25.8889,-12.0296,76.5313,12
23.009,-12.3973,77.5819,12
20.0097,-12.7662,78.676,12
16.9323,-13.1453,79.7985,12
13.852,-13.5246,80.9221,12
10.6553,-13.9171,81.9384,12
7.3149,-14.3155,82.6676,12
3.95041,-14.7253,83.361,12
0.474049,-15.1281,84.0774,12
-3.13691,-15.5653,84.8217,12
-6.81246,-16.0277,85.5793,12
-10.5233,-16.4701,86.344,12
-14.2108,-16.939,87.104,12
-17.9333,-17.3817,87.8712,12
-21.5455,-17.8361,88.6156,12
-25.2897,-18.3183,89.3874,12
-28.9348,-18.7818,90.1387,12
-32.5447,-19.2434,90.8827,12
-36.0323,-19.7147,91.6016,12
-39.6266,-20.1888,92.3424,12
-43.2755,-20.664,93.0944,12
-46.942,-21.1337,93.85,12
-50.7162,-21.6335,94.6278,12
-54.4676,-22.1308,95.4011,12
-58.1554,-22.5991,96.1612,12
-62.0646,-23.1109,96.9669,12
-65.6965,-23.5687,97.7154,12
-69.3202,-24.023,98.6224,12
-72.9107,-24.4838,99.7645,12
-76.6639,-24.9645,100.774,12
-80.6206,-25.4683,101.564,12
-84.4366,-25.9576,102.629,12
-87.9426,-26.413,103.953,12
-91.652,-26.9151,105.017,12
-95.347,-27.394,105.937,12
-98.973,-27.8881,106.678,12
-102.737,-28.3534,107.207,12
-106.561,-28.8372,107.744,12
-110.412,-29.3293,108.285,12
-114.2,-29.7891,108.853,12
-117.972,-30.2453,109.755,12
-122.07,-30.7037,110.79,12
-125.984,-31.139,111.779,12
-129.857,-31.532,112.757,12
-133.848,-31.9161,113.765,12
-137.748,-32.2653,114.985,12
-141.695,-32.5831,116.26,12
-145.567,-32.8587,117.51,12
-149.415,-33.0869,118.753,12
-153.276,-33.2682,120,12
-157.156,-33.4193,121.253,12
-161,-33.5516,122.495,12
-164.779,-33.6397,123.715,12
-168.914,-33.676,125.05,12
-172.613,-33.6556,126.245,12
-176.413,-33.6131,127.472,12
-180.144,-33.5597,128.678,12
-183.891,-33.4675,129.805,12
-187.561,-33.3273,130.602,12
-191.482,-33.109,131.418,12
-195.486,-32.8184,132.252,12
-199.613,-32.4012,133.111,12
-203.465,-31.8969,133.913,12
-207.281,-31.291,134.707,12
-211.163,-30.6227,135.426,12
-215.063,-29.8778,135.746,12
-218.869,-29.0961,135.799,12
-222.622,-28.156,135.851,12
-226.199,-27.2146,135.9,12
-229.376,-26.3345,135.944,12
-232.444,-25.5143,135.987,12
-235.486,-24.6656,135.972,12
-238.619,-23.7275,135.673,12
-241.883,-22.736,135.255,12
-245.197,-21.6417,134.831,12
-248.543,-20.6237,134.403,12
-251.937,-19.5766,133.968,12
-255.51,-18.4918,133.511,12
-258.972,-17.4184,133.067,12
-262.392,-16.429,132.629,12
-265.96,-15.4611,132.173,12
-269.756,-14.4051,131.686,12
-273.538,-13.3938,131.202,12
-277.217,-12.4655,130.731,12
-281.016,-11.6768,130.244,12
-284.873,-11.0453,129.75,12
-288.765,-10.5386,129.541,12
-292.709,-10.1463,129.596,12
-296.604,-9.89862,129.739,12
-300.615,-9.74901,130.304,12
-304.462,-9.60242,130.993,12
-308.276,-9.54746,131.676,12
-311.885,-9.48642,132.323,12
-315.155,-9.43655,132.771,12
-318.414,-9.38156,133.089,12
-321.511,-9.33667,133.391,12
-325.431,-9.2816,133.694,12
-328.979,-9.23633,133.721,12
-332.817,-9.19292,133.491,12
-336.086,-9.15908,133.256,12
-339.426,-9.07818,133.03,12
-343.236,-9.09372,133.062,12
-346.624,-9.06892,133.118,12
-350.046,-9.04955,133.175,12
-354.293,-9.03516,133.246,12
-357.322,-9.03217,133.24,12
-360.411,-9.0349,133.017,12
-363.716,-9.0432,132.754,12
-367.142,-9.05628,132.48,12
-370.522,-9.07114,132.211,12
-373.935,-9.08583,131.939,12
-377.534,-9.09842,131.726,12
-381.032,-9.11007,131.781,12
-384.755,-9.12259,131.87,12
-388.374,-9.13603,131.957,12
-391.931,-9.15143,132.042,12
-395.496,-9.16864,132.127,12
-399.3,-9.19558,131.943,12
-403.033,-9.2298,131.515,12
-406.694,-9.26344,131.095,12
-410.559,-9.30183,130.651,12
-414.294,-9.3337,130.223,12
-418.019,-9.35791,129.795,12
-421.77,-9.3692,129.365,12
-425.593,-9.36219,128.926,12
-429.439,-9.33544,128.485,12
-433.095,-9.29005,128.065,12
-436.876,-9.23078,127.631,12
-440.655,-9.16722,127.115,12
-444.211,-9.11275,126.534,12
-447.891,-9.06124,125.932,12
-451.607,-9.01245,125.324,12
-455.376,-8.9741,124.707,12
-459.072,-8.94918,124.103,12
-462.861,-8.93324,123.483,12
-466.599,-8.92141,122.668,12
-470.268,-8.90926,121.834,12
-473.958,-8.89355,120.995,12
-477.603,-8.87155,120.166,12
-481.362,-8.84491,119.312,12
-485.044,-8.80972,118.475,12
-488.778,-8.77058,117.626,12
-492.59,-8.72931,116.759,12
-496.197,-8.68903,115.863,12
-499.706,-8.65164,114.78,12
-503.223,-8.61382,113.694,12
-506.901,-8.57807,112.559,12
-510.447,-8.54673,111.464,12
-514.314,-8.51833,110.27,12
-518.03,-8.49543,109.123,12
-521.606,-8.47936,108.019,12
-525.441,-8.46837,106.835,12
-529.088,-8.46138,105.709,12
-532.704,-8.45707,104.593,12
-536.276,-8.45597,103.568,12
-540.05,-8.45643,102.519,12
-543.76,-8.458,101.487,12
-547.468,-8.46063,100.457,12
-551.487,-8.46405,99.3396,12
-555.608,-8.4675,98.1941,12
-559.318,-8.46984,97.163,12
-562.954,-8.47148,96.1521,12
-567.424,-8.47255,94.9095,12
-571.235,-8.47288,93.8503,12
-575.112,-8.47289,92.9465,12
-579.077,-8.47289,92.1725,12
-583.05,-8.47289,91.397,12
-586.728,-8.47289,90.679,12
-590.503,-8.47289,89.9423,12
-594.266,-8.47289,89.2909,12
-598.114,-8.47289,88.8543,12
-602.041,-8.47289,88.4088,12
-605.883,-8.47289,87.9729,12
-609.648,-8.47289,87.5456,12
-613.375,-8.47289,86.9724,12
-617.149,-8.47289,86.2583,12
-620.825,-8.47289,85.5626,12
-624.497,-8.47289,84.8675,12
-628.58,-8.47289,84.0947,12
-632.207,-8.47289,83.2595,12
-635.868,-8.47289,82.0814,12
-639.454,-8.47289,80.8952,12
-643.023,-8.47289,79.7147,12
-646.655,-8.47289,78.5137,12
-650.235,-8.47289,77.3296,12
-653.665,-8.47289,76.3764,12
-657.276,-8.47289,75.4031,12
-660.893,-8.47289,74.4283,12
-664.449,-8.47289,73.47,12
-667.99,-8.47289,72.5157,12
-671.626,-8.47289,71.5358,12
-675.231,-8.47289,70.5644,12
-679.04,-8.47289,69.6212,12
-682.93,-8.47289,68.6944,12
-686.59,-8.47293,67.8225,12
-690.231,-8.47342,66.9552,12
-693.916,-8.47473,66.0771,12
-697.953,-8.47749,65.1152,12
-702.071,-8.48142,64.3814,12
-705.588,-8.4845,63.7892,12
-709.326,-8.48649,63.16,12
-713.176,-8.48654,62.5121,12
-716.98,-8.48333,61.8717,12
-720.857,-8.47564,61.0511,12
-724.923,-8.46132,59.8987,12
-728.873,-8.43933,58.7787,12
-732.587,-8.41199,57.7259,12
-736.241,-8.38131,56.6899,12
-739.879,-8.34787,55.6586,12
-743.511,-8.31233,54.6288,12
-747.082,-8.2763,53.6164,12
-750.792,-8.23874,52.4863,12
-754.291,-8.2066,51.0318,12
-757.704,-8.17771,49.4737,12
-761.135,-8.15484,47.9069,12
-764.591,-8.13822,46.3286,12
-768.04,-8.12913,44.7538,12
-771.488,-8.1254,43.1793,12
-774.931,-8.12538,41.6069,12
-778.931,-8.12762,39.5726,12
-782.022,-8.12749,37.5394,12
-785.007,-8.12046,35.4283,12
-788.031,-8.09887,33.2902,12
-791.102,-8.04403,31.1182,12
-794.113,-7.93858,28.9034,12
-796.871,-7.79857,26.4367,12
-799.392,-7.66254,23.6557,12
-801.582,-7.58031,20.6663,12
-803.552,-7.56848,17.4276,12
-805.441,-7.57745,14.2623,12
-807.335,-7.57963,11.0897,12
-809.477,-7.57963,7.69595,12
-811.779,-7.57963,4.74158,12
-814.385,-7.57963,2.03728,12
-817.285,-7.58005,-0.395279,12
-820.288,-7.58332,-2.74342,12
-823.219,-7.50491,-5.03509,12
-826.086,-7.41197,-7.18923,12
-829.205,-7.33952,-9.10276,12
-832.678,-7.26115,-10.8481,12
-835.854,-7.17493,-12.4121,12
-838.997,-7.08769,-13.9603,12
-842.276,-7.01151,-15.5753,12
-845.46,-6.95664,-17.1436,12
-848.745,-6.92762,-18.7617,12
-852.201,-6.91649,-20.4635,12
-855.662,-6.91773,-22.2575,12
-858.897,-6.92424,-24.3684,12
-861.961,-6.92925,-26.7756,12
-864.99,-6.92996,-29.1989,12
-867.856,-6.92996,-31.598,12
-870.564,-6.92996,-34.3629,12
-873.043,-6.92293,-37.265,12
-875.402,-6.92237,-40.0261,12
-877.533,-6.99545,-42.8921,12
-879.471,-7.14301,-46.1603,12
-881.032,-7.29845,-49.5655,12
-882.372,-7.44319,-53.0684,12
-883.718,-7.58496,-56.5849,12
-885.07,-7.71452,-60.1189,12
-886.274,-7.84389,-63.6754,12
-887.167,-8.0081,-67.315,12
-888.019,-8.18,-70.9193,12
-888.873,-8.36213,-74.532,12
-889.69,-8.54241,-77.9863,12
-890.503,-8.73005,-81.4222,12
-891.352,-8.93558,-85.0133,12
-892.21,-9.14884,-88.6414,12
-892.918,-9.36554,-92.2504,12
-893.402,-9.59909,-95.9912,12
-893.875,-9.82341,-99.6497,12
-894.347,-10.051,-103.302,12
-894.84,-10.3092,-107.114,12
-895.328,-10.5457,-110.893,12
-895.823,-10.8136,-114.724,12
-896.194,-11.0712,-118.573,12
-896.587,-11.3483,-122.643,12
-896.961,-11.6332,-126.529,12
-897.335,-11.9142,-130.418,12
-897.697,-12.206,-134.164,12
-898.06,-12.511,-137.934,12
-898.468,-12.8645,-142.163,12
-898.821,-13.1801,-145.825,12
-899.161,-13.5053,-149.357,12
-899.515,-13.8393,-153.03,12
-899.855,-14.1787,-156.556,12
-900.064,-14.521,-160.268,12
-899.959,-14.8852,-163.961,12
-899.831,-15.2108,-167.438,12
-899.705,-15.5407,-170.848,12
-899.58,-15.8713,-174.245,12
-899.332,-16.2143,-177.625,12
-898.767,-16.5531,-180.872,12
-897.897,-16.9084,-184.009,12
-896.768,-17.2712,-186.942,12
-895.429,-17.6044,-189.634,12
-893.416,-18.062,-192.842,12
-891.477,-18.5315,-195.775,12
-889.381,-19.0847,-198.947,12
-887.495,-19.6414,-201.802,12
-885.509,-20.1825,-204.409,12
-882.895,-20.7876,-207.121,12
-879.841,-21.3504,-209.581,12
-876.745,-21.8568,-211.503,12
-873.298,-22.3394,-213.094,12
-870.242,-22.6627,-214.102,12
-867.07,-22.9183,-214.776,12
-863.589,-23.1675,-215.099,12
-860.094,-23.4157,-215.009,12
-856.602,-23.6571,-214.479,12
-853.323,-23.8767,-213.564,12
-850.103,-24.0615,-212.206,12
-847.385,-24.1921,-210.651,12
-844.814,-24.3037,-208.745,12
-842.382,-24.42,-206.441,12
-840.207,-24.539,-203.769,12
-838.596,-24.6573,-201.221,12
-837.227,-24.7927,-198.362,12
-836.127,-24.9673,-195.126,12
-835.492,-25.1444,-192.143,12
-835.171,-25.356,-188.558,12
-835.278,-25.5368,-185.197,12
-835.761,-25.689,-181.937,12
-836.536,-25.8273,-178.74,12
-837.475,-25.9821,-174.955,12
-838.37,-26.121,-171.346,12
-839.137,-26.2416,-168.252,12
-840.064,-26.3705,-164.517,12
-840.75,-26.4904,-161.111,12
-841.053,-26.6082,-157.787,12
-840.989,-26.7334,-154.207,12
-840.396,-26.8828,-150.019,12
-839.674,-26.9926,-147.005,12
-838.633,-27.1084,-143.907,12
-837.273,-27.214,-140.882,12
-835.546,-27.3092,-137.886,12
-833.503,-27.4093,-135.048,12
-831.202,-27.5342,-132.346,12
-828.63,-27.6998,-129.496,12
-825.769,-27.8585,-126.899,12
-822.646,-28.0058,-124.628,12
-819.291,-28.228,-122.706,12
-815.713,-28.459,-121.145,12
-812.042,-28.6775,-119.696,12
-808.558,-28.8884,-118.321,12
-804.99,-29.0922,-116.914,12
-801.473,-29.3117,-115.526,12
-797.968,-29.5382,-114.143,12
-794.524,-29.76,-112.935,12
-791.002,-29.9938,-111.83,12
-787.538,-30.2543,-110.743,12
-783.924,-30.5302,-109.609,12
-780.325,-30.8143,-108.48,12
-776.768,-31.099,-107.364,12
-773.128,-31.386,-106.222,12
-769.506,-31.6682,-105.086,12
-765.721,-31.9543,-103.898,12
-762.009,-32.2122,-102.733,12
-758.375,-32.465,-101.593,12
-754.78,-32.7125,-100.465,12
-751.147,-32.9664,-99.3254,12
-747.628,-33.1977,-98.1413,12
-744.05,-33.4458,-96.8344,12
-740.406,-33.6969,-95.5029,12
-736.756,-33.962,-94.1698,12
-733.135,-34.221,-92.847,12
-729.513,-34.4767,-91.5237,12
-725.885,-34.7352,-90.1979,12
-722.228,-34.991,-88.8622,12
-718.487,-35.2541,-87.4953,12
-714.805,-35.4954,-86.1502,12
-711.121,-35.747,-84.8044,12
-707.395,-35.9825,-83.4431,12
-703.785,-36.2104,-82.1247,12
-700.149,-36.4506,-80.7962,12
-696.561,-36.6772,-79.4855,12
-692.986,-36.8869,-78.1796,12
-689.376,-37.11,-76.8607,12
-685.581,-37.3425,-75.4738,12
-681.873,-37.5693,-74.1195,12
-678.121,-37.7969,-72.7489,12
-674.385,-38.009,-71.3839,12
-670.676,-38.223,-70.0292,12
-666.997,-38.4175,-68.6851,12
-663.317,-38.6064,-67.341,12
-659.424,-38.786,-65.9187,12
-655.642,-38.9544,-64.537,12
-651.533,-39.1318,-63.0358,12
-647.904,-39.2775,-61.7103,12
-644.381,-39.4134,-60.4228,12
-640.652,-39.5618,-59.3624,12
-636.497,-39.7286,-58.6827,12
-632.45,-39.893,-58.4924,12
-628.516,-40.0651,-58.7456,12
-624.713,-40.2316,-59.1279,12
-620.887,-40.3983,-59.5126,12
-617.02,-40.5629,-59.9014,12
-613.258,-40.7353,-60.2797,12
-609.498,-40.9054,-60.6578,12
-605.797,-41.0666,-61.2984,12
-602.077,-41.2465,-62.3625,12
-598.447,-41.4126,-63.7579,12
-594.826,-41.5616,-65.1865,12
-591.309,-41.6958,-66.6602,12
-587.964,-41.8391,-68.4653,12
-584.823,-41.9951,-70.6217,12
-581.911,-42.1524,-73.011,12
-579.081,-42.2948,-75.3713,12
-576.358,-42.4075,-77.6425,12
-573.582,-42.5337,-80.3248,12
-571.1,-42.6568,-83.3089,12
-568.791,-42.7689,-86.2909,12
-566.538,-42.8948,-89.4637,12
-564.633,-43.0295,-92.8835,12
-563.146,-43.1642,-96.3971,12
-561.973,-43.2886,-100.018,12
-560.814,-43.3832,-103.706,12
-559.821,-43.466,-107.386,12
-559.216,-43.5418,-111.266,12
-558.866,-43.6274,-115.387,12
-558.617,-43.728,-119.254,12
-558.756,-43.8809,-123.124,12
-559.169,-44.064,-127.066,12
-559.609,-44.2735,-131.274,12
-560.03,-44.4554,-135.309,12
-560.414,-44.5983,-138.977,12
-561.042,-44.7457,-142.57,12
-562.042,-44.9006,-146.104,12
-563.411,-45.078,-149.54,12
-565.049,-45.2506,-152.824,12
-566.734,-45.4435,-156.135,12
-568.435,-45.6414,-159.479,12
-570.113,-45.8409,-162.626,12
-572.244,-46.064,-165.827,12
-574.545,-46.2941,-169.033,12
-576.859,-46.5275,-172.257,12
-579.127,-46.7461,-175.42,12
-581.362,-46.9526,-178.533,12
-583.581,-47.1405,-181.626,12
-585.787,-47.3043,-184.699,12
-587.982,-47.4571,-187.757,12
-590.188,-47.5911,-190.831,12
-592.322,-47.7073,-193.685,12
-594.732,-47.8304,-196.55,12
-597.299,-47.953,-199.604,12
-599.829,-48.0734,-202.613,12
-602.263,-48.185,-205.508,12
-604.706,-48.3035,-208.415,12
-607.229,-48.4289,-211.415,12
-609.687,-48.5519,-214.339,12
-612.121,-48.6689,-217.233,12
-614.59,-48.7916,-220.17,12
-617.087,-48.9039,-223.142,12
-619.51,-49.0035,-226.023,12
-621.94,-49.097,-228.913,12
-624.384,-49.1799,-231.82,12
-626.917,-49.257,-234.833,12
-629.526,-49.3356,-237.936,12
-631.984,-49.4069,-240.86,12
-634.425,-49.4811,-243.764,12
-636.882,-49.557,-246.686,12
-639.43,-49.6512,-249.717,12
-641.867,-49.7487,-252.872,12
-644.025,-49.8595,-256.123,12
-646.129,-49.9633,-259.295,12
-648.282,-50.0831,-262.539,12
-650.377,-50.1943,-265.695,12
-652.593,-50.314,-269.031,12
-654.627,-50.4206,-272.232,12
-656.308,-50.5218,-275.544,12
-657.657,-50.6176,-279.083,12
-658.621,-50.7188,-282.731,12
-659.208,-50.8222,-286.622,12
-659.52,-50.9251,-290.351,12
-659.831,-51.0149,-294.073,12
-660.143,-51.081,-297.811,12
-660.307,-51.1213,-301.466,12
-660.093,-51.1456,-305.142,12
-659.495,-51.1532,-308.807,12
-658.519,-51.1535,-312.392,12
-657.237,-51.1596,-315.728,12
-655.537,-51.176,-319.067,12
-653.554,-51.1959,-322.135,12
-651.304,-51.1426,-324.984,12
-649.136,-51.0711,-327.505,12
-647.141,-51.0907,-329.824,12
-644.667,-51.1791,-332.702,12
-642.307,-51.2045,-335.447,12
-639.52,-51.1891,-338.689,12
-637.517,-51.1632,-341.018,12
-635.505,-51.1307,-343.357,12
-633.483,-51.0963,-345.709,12
-631.353,-51.0633,-348.29,12
-629.485,-51.0426,-351.026,12
-627.844,-51.0358,-354.026,12
-626.5,-51.0369,-357.198,12
-625.465,-51.0333,-360.531,12
-624.592,-51.026,-364.134,12
-623.974,-51.0209,-367.795,12
-623.738,-51.0337,-371.454,12
-623.869,-51.0793,-375.023,12
-624.39,-51.1609,-378.722,12
-625.27,-51.2715,-382.27,12
-626.301,-51.3868,-385.907,12
-627.327,-51.4854,-389.526,12
-628.34,-51.5666,-393.097,12
-629.589,-51.6533,-396.566,12
-631.141,-51.7357,-399.946,12
-632.77,-51.8225,-403.417,12
-634.368,-51.9078,-406.825,12
-636.004,-52.0038,-410.312,12
-637.61,-52.0969,-413.737,12
-639.223,-52.1934,-417.173,12
-640.802,-52.2937,-420.54,12
-642.382,-52.3983,-423.909,12
-643.992,-52.5071,-427.342,12
-645.648,-52.6132,-430.697,12
-647.394,-52.7293,-434.013,12
-649.172,-52.8474,-437.393,12
-651.073,-52.973,-441.002,12
-652.735,-53.086,-444.161,12
-654.467,-53.2029,-447.452,12
-656.229,-53.3265,-450.799,12
-657.971,-53.45,-454.11,12
-659.659,-53.5638,-457.477,12
-661.016,-53.6836,-461.006,12
-661.997,-53.7924,-464.68,12
-662.578,-53.8874,-468.404,12
-662.762,-53.9527,-472.242,12
-662.529,-53.9853,-476.108,12
-661.905,-53.9976,-479.815,12
-660.927,-54.0118,-483.344,12
-659.551,-54.0516,-486.844,12
-657.791,-54.1365,-490.22,12
-655.698,-54.2888,-493.367,12
-653.287,-54.4938,-496.271,12
-650.543,-54.7489,-498.94,12
-647.546,-54.9911,-501.286,12
-644.209,-55.2154,-503.45,12
-641.034,-55.4202,-505.468,12
-637.784,-55.6255,-507.533,12
-634.621,-55.824,-509.544,12
-631.392,-56.0216,-511.596,12
-628.119,-56.2285,-513.677,12
-624.906,-56.4305,-515.719,12
-621.731,-56.6283,-517.736,12
-618.408,-56.8264,-519.849,12
-615.112,-57.0336,-521.761,12
-611.619,-57.2304,-523.315,12
-608.143,-57.4213,-524.447,12
-604.412,-57.6049,-525.241,12
-600.681,-57.7895,-525.899,12
-597.007,-57.9611,-526.546,12
-593.201,-58.1237,-527.218,12
-589.514,-58.276,-527.868,12
-585.781,-58.4193,-528.256,12
-581.912,-58.5964,-528.242,12
-578.08,-58.7984,-527.813,12
-574.489,-59.0076,-527.024,12
-570.829,-59.2133,-525.8,12
-567.062,-59.3997,-524.391,12
-563.528,-59.5658,-523.069,12
-560.073,-59.7298,-521.776,12
-556.616,-59.9067,-520.327,12
-553.213,-60.0977,-518.448,12
-550.074,-60.2745,-516.428,12
-546.946,-60.4424,-514.416,12
-543.844,-60.5893,-512.42,12
-540.713,-60.6911,-510.405,12
-537.784,-60.7396,-508.221,12
-534.854,-60.767,-505.727,12
-532.012,-60.7835,-503.307,12
-529.266,-60.7931,-500.877,12
-526.712,-60.7971,-498.138,12
-524.396,-60.7952,-495.308,12
-522.164,-60.7876,-492.58,12
-519.951,-60.7735,-489.876,12
-517.735,-60.7532,-487.168,12
-515.464,-60.7248,-484.392,12
-513.258,-60.6872,-481.694,12
-511.153,-60.6382,-478.729,12
-509.305,-60.5727,-475.608,12
-507.566,-60.4947,-472.616,12
-505.725,-60.3957,-469.448,12
-503.939,-60.2851,-466.376,12
-502.111,-60.1522,-463.231,12
-500.239,-60.0031,-460.01,12
-498.548,-59.8307,-456.539,12
-497.02,-59.6407,-453.102,12
-495.526,-59.4535,-449.742,12
-494.03,-59.2479,-446.377,12
-492.509,-59.026,-442.956,12
-490.976,-58.7815,-439.508,12
-489.462,-58.532,-436.104,12
-487.991,-58.2738,-432.608,12
-486.932,-58.0072,-429.25,12
-485.944,-57.732,-425.73,12
-484.991,-57.443,-422.335,12
-484.034,-57.1372,-418.923,12
-483.026,-56.8017,-415.331,12
-482.025,-56.4534,-411.763,12
-481.193,-56.1528,-408.799,12
-480.335,-55.8393,-405.742,12
-479.353,-55.4588,-402.244,12
-478.364,-55.0465,-398.436,12
-477.679,-54.5862,-394.164,12
-477.187,-54.2018,-390.732,12
-476.626,-53.7334,-386.83,12
-476.2,-53.3741,-383.855,12
-475.662,-52.9076,-380.107,12
-475.132,-52.4599,-376.417,12
-474.68,-52.0625,-373.268,12
-474.212,-51.6632,-370.008,12
-473.77,-51.2933,-366.929,12
-473.309,-50.8978,-363.716,12
-472.802,-50.4636,-360.18,12
-472.259,-50.0164,-356.401,12
-471.809,-49.6474,-353.258,12
-471.331,-49.2906,-349.929,12
-470.91,-48.9413,-346.831,12
-470.718,-48.5621,-343.187,12
-470.754,-48.1905,-339.689,12
-470.786,-47.886,-336.539,12
-470.824,-47.5061,-332.849,12
-470.859,-47.1704,-329.443,12
-470.893,-46.8383,-326.041,12
-470.929,-46.5087,-322.565,12
-470.966,-46.1614,-318.987,12
-471.002,-45.8151,-315.407,12
-471.039,-45.4699,-311.756,12
-471.078,-45.1061,-307.965,12
-471.114,-44.7603,-304.35,12
-471.153,-44.3946,-300.597,12
-471.192,-44.0244,-296.789,12
-471.228,-43.6705,-293.258,12
-471.266,-43.3128,-289.586,12
-471.303,-42.9277,-285.901,12
-471.339,-42.5784,-282.394,12
-471.376,-42.2031,-278.798,12
-471.412,-41.8242,-275.277,12
-471.448,-41.4626,-271.805,12
-471.484,-41.0753,-268.229,12
-471.52,-40.7054,-264.781,12
-471.555,-40.3318,-261.344,12
-471.484,-39.9329,-257.855,12
-471.349,-39.5538,-254.369,12
-471.212,-39.1506,-250.842,12
-471.072,-38.7472,-247.236,12
-470.809,-38.3684,-243.743,12
-470.262,-37.9715,-240.248,12
-469.688,-37.6057,-236.729,12
-469.124,-37.2324,-233.262,12
-468.567,-36.8905,-229.843,12
-468.011,-36.5568,-226.434,12
-467.346,-36.1594,-222.347,12
-466.861,-35.8623,-219.373,12
-466.17,-35.5153,-215.934,12
-465.221,-35.147,-212.599,12
-464.241,-34.7609,-209.236,12
-463.234,-34.3549,-205.78,12
-462.168,-33.9283,-202.359,12
-460.814,-33.5167,-199.111,12
-459.245,-33.086,-195.918,12
-457.712,-32.6551,-192.795,12
-456.166,-32.2291,-189.648,12
-454.61,-31.819,-186.48,12
-453.022,-31.4077,-183.246,12
-451.47,-31.004,-180.085,12
-449.765,-30.5825,-176.614,12
-448.161,-30.1959,-173.348,12
-446.602,-29.8254,-170.223,12
-444.797,-29.4593,-167.187,12
-442.92,-29.0875,-164.16,12
-441.053,-28.7278,-161.15,12
-439.207,-28.3701,-158.173,12
-437.32,-28.0045,-155.13,12
-435.421,-27.6328,-152.066,12
-433.488,-27.2697,-148.949,12
-431.506,-26.8903,-145.886,12
-429.279,-26.5355,-143.07,12
-426.86,-26.1865,-140.475,12
-424.441,-25.8541,-137.912,12
-422.029,-25.5002,-135.357,12
-419.646,-25.1439,-132.832,12
-417.206,-24.7841,-130.248,12
-414.786,-24.4223,-127.684,12
-412.247,-24.0694,-125.304,12
-409.139,-23.708,-122.949,12
-406.201,-23.3823,-120.906,12
-403.275,-23.0674,-118.872,12
-400.33,-22.7517,-116.825,12
-397.334,-22.429,-114.742,12
-394.771,-22.169,-113.166,12
-391.265,-21.8161,-111.42,12
-388.542,-21.5547,-110.132,12
-385.717,-21.2915,-108.831,12
-382.085,-20.9904,-107.53,12
-378.463,-20.709,-106.627,12
-375.069,-20.4557,-105.852,12
-370.98,-20.171,-104.918,12
-367.271,-19.9035,-104.071,12
-363.691,-19.656,-103.254,12
-360.05,-19.4107,-102.423,12
-356.454,-19.1663,-101.602,12
-353.018,-18.9353,-100.817,12
-349.568,-18.6912,-100.03,12
-346.071,-18.4595,-99.2316,12
-342.691,-18.2267,-98.4599,12
-339.278,-17.9923,-97.6806,12
-335.905,-17.7582,-96.9106,12
-332.601,-17.5325,-96.1564,12
-329.171,-17.2913,-95.3733,12
-325.948,-17.0486,-94.6375,12
-322.479,-16.8046,-93.8455,12
-319.058,-16.5601,-93.0646,12
-315.616,-16.3153,-92.2786,12
-312.255,-16.0732,-91.5114,12
-308.755,-15.8168,-90.7123,12
-305.287,-15.5767,-89.9206,12
-301.723,-15.3247,-89.1068,12
-297.983,-15.0768,-88.2531,12
-294.403,-14.8286,-87.4359,12
-290.942,-14.5776,-86.6456,12
-287.44,-14.3348,-85.846,12
-284.011,-14.0839,-85.0633,12
-280.607,-13.8218,-84.286,12
-276.954,-13.5147,-83.452,12
-273.512,-13.2244,-82.6662,12
-270.036,-12.9247,-81.8726,12
-266.479,-12.6014,-81.0606,12
-263.007,-12.2906,-80.2679,12
-259.639,-11.9787,-79.499,12
-256.264,-11.675,-78.7284,12
-252.793,-11.3705,-77.9361,12
-249.268,-11.0516,-77.1313,12
-245.812,-10.7488,-76.3201,12
-242.251,-10.4152,-75.1612,12
-238.644,-10.0725,-73.7121,12
-235.29,-9.74424,-72.3654,12
-230.876,-9.31828,-70.5923,12
-227.248,-8.97185,-69.1353,12
-223.843,-8.64164,-67.7677,12
-220.45,-8.31174,-66.405,12
-217.098,-7.98236,-65.0586,12
-213.821,-7.67656,-63.7425,12
-210.528,-7.34138,-62.2763,12
-207.373,-7.04652,-60.726,12
-204.182,-6.72844,-59.1582,12
-200.942,-6.39697,-57.5658,12
-197.709,-6.08326,-55.9774,12
-194.23,-5.7475,-54.2679,12
-190.951,-5.42208,-52.6566,12
-187.866,-5.13746,-51.1407,12
-184.137,-4.77178,-49.3083,12
-181.072,-4.4928,-47.8026,12
-177.855,-4.18462,-45.944,12
-175.062,-3.88742,-43.8985,12
-172.585,-3.61928,-41.6515,12
-170.349,-3.34622,-39.1497,12
-168.342,-3.09339,-36.7036,12
-166.325,-2.85777,-34.2443,12
-164.427,-2.64429,-31.9114,12
-162.509,-2.37797,-29.1173,12
-161.008,-2.12032,-26.3202,12
-159.798,-1.86596,-23.3879,12
-158.933,-1.53602,-20.4434,12
-158.205,-1.31759,-17.0458,12
-157.242,-1.18618,-13.989,12
-155.947,-1.08687,-11.0495,12
-154.133,-0.865776,-7.96134,12
-151.979,-0.588022,-5.12965,12
-149.519,-0.421386,-2.57877,12
-146.831,-0.310932,-0.363841,12
-144.155,-0.219165,1.39206,12
-141.261,-0.14022,2.89142,12
-138.223,-0.070961,4.08914,12
-134.977,-0.0104036,4.99543,12
-131.645,0.0489641,5.56264,12
-134.608,-0.00328046,4.97884,12
-131.616,0.0489426,5.43293,12
-128.516,0.103275,5.46706,12
-125.453,0.151266,5.08754,12
-122.439,0.195038,4.59616,12
-119.369,0.236349,4.09572,12
-116.207,0.269265,3.58028,12
-113.215,0.295582,3.09271,12
-109.996,0.326146,2.62121,12
-107.004,0.325048,2.24217,12
-103.813,0.32779,1.85071,12
-100.455,0.323589,1.60242,12
-97.0862,0.313906,1.35845,12
-94.0027,0.30206,1.13514,12
-90.7162,0.285823,0.897125,12
-87.716,0.269881,0.679847,12
-84.6354,0.25325,0.456746,12
-81.5034,0.235428,0.229918,12
-78.246,0.217264,-0.00598865,12
-74.9641,0.196751,-0.132811,12
-71.7996,0.176959,-0.0100545,12
-68.6276,0.153513,0.12279,12
-65.3557,0.125258,0.198381,12
-61.7856,0.0922936,-0.0796374,12
-58.6634,0.055923,-0.420975,12
-55.3916,0.0143029,-0.778662,12
-52.0852,-0.0359759,-1.14014,12
-48.7088,-0.0918368,-1.50927,12
-45.2645,-0.151852,-1.87136,12
-42.1862,-0.207611,-2.07268,12
-39.1392,-0.267948,-2.27196,12
-36.0718,-0.324798,-2.47257,12
-32.9104,-0.385085,-2.67933,12
-29.7653,-0.443346,-2.88502,12
-26.5856,-0.495762,-3.09298,12
-23.319,-0.551762,-3.11576,12
-20.0572,-0.599685,-2.94933,12
-16.4987,-0.629871,-2.76775,12
-12.8736,-0.682838,-2.58277,12
-9.33417,-0.713863,-2.40217,12
-5.84112,-0.73743,-2.22394,12
-2.27168,-0.7564,-2.04181,12
1.26535,-0.769465,-1.86133,12
4.86043,-0.777477,-1.67789,12
8.38559,-0.780518,-1.49801,12
11.9352,-0.77695,-1.31689,12
